Density,Double Ratio,Error in Density,Error in Double Ratio
0.01,1.035,0.00001,0.035
0.022,1.115,0.00001,0.033
0.024,1.05,0.00001,0.019
0.064,1.028,0.00001,0.018
0.086,1.015,0.00001,0.022
0.172,0.97,0.00001,0.021
